Emp416Oferta4634,1,Emp416,Oferta4634,2,2
Emp416Oferta7955,1,Emp416,Oferta7955,2,3
Emp1526Oferta4471,1,Emp1526,Oferta4471,1,dhjebj
Emp1312Oferta6452,1,Emp1312,Oferta6452,3,djnk
Emp760Oferta4504,1,Emp760,Oferta4504,1,jbcjke
Emp1519Oferta8167,1,Emp1519,Oferta8167,3,dkn
Emp681Oferta3068,1,Emp681,Oferta3068,1,jndk
Emp681Oferta4716,1,Emp681,Oferta4716,1,1
Emp681Oferta8220,1,Emp681,Oferta8220,1,nnf
Emp681Oferta1140,1,Emp681,Oferta1140,1,1
Emp681Oferta9916,1,Emp681,Oferta9916,1,1
Emp681Oferta7617,1,Emp681,Oferta7617,1,1
Emp681Oferta1014,1,Emp681,Oferta1014,1,1
Emp97Oferta2288,1,Emp97,Oferta2288,2,rfd
Emp97Oferta4734,1,Emp97,Oferta4734,2,dfgv
Emp97Oferta8530,1,Emp97,Oferta8530,1,fvg
Emp802Oferta6505,1,Emp802,Oferta6505,5,Hjajaj
Emp802Oferta4553,1,Emp802,Oferta4553,1,Hhbsibso
Emp802Oferta7416,2,Emp802,Oferta7416,2,Habla
